{"businessUnit":{"stars":4.5,"trustScore":4.4,"displayName":"TollFreeForwarding.com","numberOfReviews":{"total":1166,"oneStar":80,"twoStars":24,"threeStars":60,"fourStars":145,"fiveStars":857},"websiteUrl":"https://tollfreeforwarding.com"},"businessEntity":{"stars":4.5,"trustScore":4.4,"displayName":"TollFreeForwarding.com","numberOfReviews":{"total":1166,"oneStar":80,"twoStars":24,"threeStars":60,"fourStars":145,"fiveStars":857},"websiteUrl":"https://tollfreeforwarding.com"},"reviews":[{"stars":5,"createdAt":"2022-07-13T23:43:47Z","title":"Great service and lots of help setting…","text":"Great service and lots of help setting everything up.","reviewUrl":"https://www.trustpilot.com/reviews/62cf3c934c35e69ec50e6d51","consumer":{"displayName":"Andy Harris"},"companyReply":null},{"stars":5,"createdAt":"2022-07-06T12:50:37Z","title":"Very good.","text":"Very good.\nIt help me to increase my business.","reviewUrl":"https://www.trustpilot.com/reviews/62c568fcba5bb6ef042d35fc","consumer":{"displayName":"Ray Wu"},"companyReply":null},{"stars":5,"createdAt":"2022-07-01T01:33:09Z","title":"Incredibly Easy Process","text":"I have worked with sales associate Buket Bavas on purchasing a line for marketing purposes. The process was super easy, Mrs Bavas was extremely professional, attentive and responsive. She has made sure the process was smooth and answered every question we've had. I have recommended their services to multiple colleagues afterwards. Thank you for your help, Buket!","reviewUrl":"https://www.trustpilot.com/reviews/62be32b5ba5bb6ef0428342c","consumer":{"displayName":"GT"},"companyReply":null},{"stars":5,"createdAt":"2022-06-23T22:42:09Z","title":"had no issues at all.","text":"had no issues at all.","reviewUrl":"https://www.trustpilot.com/reviews/62b4d021ba5bb6ef04217a7a","consumer":{"displayName":"Amar"},"companyReply":null},{"stars":5,"createdAt":"2022-06-23T18:48:55Z","title":"Excellent customer service","text":"Excellent customer service. Helps with any and all problems and very respectful/courteous","reviewUrl":"https://www.trustpilot.com/reviews/62b49977853b02c06c8ca780","consumer":{"displayName":"Gabriel Elmore"},"companyReply":null},{"stars":5,"createdAt":"2022-06-17T14:38:55Z","title":"Works really well","text":"Works really well","reviewUrl":"https://www.trustpilot.com/reviews/62ac75df787382efe20f6839","consumer":{"displayName":"customerMel Fisher"},"companyReply":null},{"stars":4,"createdAt":"2022-06-14T15:56:21Z","title":"Its a very easy tool to set up","text":"Its a very easy tool to set up, but your help desk it has several opportunities and improvements in follow ups!","reviewUrl":"https://www.trustpilot.com/reviews/62a893856d54f92107159d03","consumer":{"displayName":"Adrian Magallanes"},"companyReply":null},{"stars":5,"createdAt":"2022-06-10T13:08:12Z","title":"Straight forward","text":"Straight forward. Friendly staff","reviewUrl":"https://www.trustpilot.com/reviews/62a3261c0031539b613ba9a4","consumer":{"displayName":"Evangelos Charalampous"},"companyReply":null},{"stars":5,"createdAt":"2022-06-08T13:21:45Z","title":"Excellent customer service","text":"Excellent customer service, very helpful and explained everything I needed to know. I would highly recommend!","reviewUrl":"https://www.trustpilot.com/reviews/62a086496d54f921070fa28b","consumer":{"displayName":"Charlotte"},"companyReply":null},{"stars":5,"createdAt":"2022-06-08T13:18:36Z","title":"Great service and support","text":"Great service and support. Very friendly. Recommended.","reviewUrl":"https://www.trustpilot.com/reviews/62a0858c6d54f921070fa1a9","consumer":{"displayName":"Ricardo Romero"},"companyReply":null},{"stars":5,"createdAt":"2022-06-07T23:06:27Z","title":"Nice and simple and affordable","text":"Nice and simple and affordable. Good backend for call history and voicemail","reviewUrl":"https://www.trustpilot.com/reviews/629fbdd36d54f921070f2a16","consumer":{"displayName":"Matthew"},"companyReply":null},{"stars":5,"createdAt":"2022-06-06T16:38:42Z","title":"Really user friendly","text":"Really user friendly","reviewUrl":"https://www.trustpilot.com/reviews/629e117135343b8f5b629d86","consumer":{"displayName":"Leon Ponce"},"companyReply":null},{"stars":5,"createdAt":"2022-06-02T16:50:27Z","title":"This call forwarding is amazing","text":"This call forwarding is amazing. I just start using it but my calls came straight to my mobile. I am happy with this service.","reviewUrl":"https://www.trustpilot.com/reviews/6298ce3335343b8f5b5f69be","consumer":{"displayName":"Juliet Anderson"},"companyReply":null},{"stars":5,"createdAt":"2022-05-29T05:17:02Z","title":"Works like a treat","text":"Works like a treat, easy setup and very quick to get up and running.","reviewUrl":"https://www.trustpilot.com/reviews/6292e5ad045d025d3aa18bf8","consumer":{"displayName":"PETER MUSCET"},"companyReply":null},{"stars":5,"createdAt":"2022-05-24T14:58:18Z","title":"Great customer service","text":"Great customer service, fast response. thankyou!","reviewUrl":"https://www.trustpilot.com/reviews/628cd66a045d025d3a9d2fa7","consumer":{"displayName":"Chihiro"},"companyReply":null}],"links":{"profileUrl":"https://www.trustpilot.com/review/tollfreeforwarding.com","evaluateUrl":"https://www.trustpilot.com/evaluate/tollfreeforwarding.com","evaluateEmbedUrl":"https://www.trustpilot.com/evaluate/embed/tollfreeforwarding.com","consumerWebPageUrl":null},"starsString":"Excellent","translations":{"main":"Rated <strong>[RATING]</strong> out of 5 <span>based on <a target=\"_blank\"><strong class='bold-underline'>[NOREVIEWS] reviews</strong></a> on [TRUSTPILOT LOGO]</span>","mainLong":"Rated <strong>[RATING]</strong> / 5 based on <a target=\"_blank\"><strong class='bold-underline'>[NOREVIEWS] reviews</strong></a>.","mainShort":"Rated <strong>[RATING]</strong> / 5 • <a target=\"_blank\"><strong class='bold-underline'>[NOREVIEWS] reviews</strong></a>","dot":".","noReviews":"Be the first to review us on"},"settings":{"customStylesAllowed":true,"syndicationEnabled":false}}